{
  "properties": {
    "connectionReferences": {
      "shared_commondataserviceforapps": {
        "runtimeSource": "embedded",
        "connection": {
          "connectionReferenceLogicalName": "ya_sharedcommondataserviceforapps_67460"
        },
        "api": {
          "name": "shared_commondataserviceforapps"
        }
      }
    },
    "definition": {
      "$schema": "https://schema.management.azure.com/providers/Microsoft.Logic/schemas/2016-06-01/workflowdefinition.json#",
      "contentVersion": "1.0.0.0",
      "parameters": {
        "$connections": {
          "defaultValue": {},
          "type": "Object"
        },
        "$authentication": {
          "defaultValue": {},
          "type": "SecureObject"
        }
      },
      "triggers": {
        "行が追加、変更、または削除された場合": {
          "metadata": {
            "operationMetadataId": "6a835d53-94b7-4015-8a9b-ba3ce601c61b"
          },
          "type": "OpenApiConnectionWebhook",
          "inputs": {
            "host": {
              "connectionName": "shared_commondataserviceforapps",
              "operationId": "SubscribeWebhookTrigger",
              "apiId": "/providers/Microsoft.PowerApps/apis/shared_commondataserviceforapps"
            },
            "parameters": {
              "subscriptionRequest/message": 1,
              "subscriptionRequest/entityname": "ya_bookmark",
              "subscriptionRequest/scope": 4
            },
            "authentication": "@parameters('$authentication')"
          }
        }
      },
      "actions": {
        "条件_2": {
          "actions": {
            "HTTP_2": {
              "runAfter": {},
              "metadata": {
                "operationMetadataId": "d2ac8bdf-061c-4c8b-8371-3a8f46f30918"
              },
              "type": "Http",
              "inputs": {
                "method": "GET",
                "uri": "@variables('uri')"
              }
            },
            "条件": {
              "actions": {
                "変数の設定": {
                  "runAfter": {},
                  "metadata": {
                    "operationMetadataId": "d0a50c08-b8b8-4dc9-81e4-ea79862473ad"
                  },
                  "type": "SetVariable",
                  "inputs": {
                    "name": "title",
                    "value": "@{first(split(last(split(body('HTTP_2'), '<title>')), '</title>'))}"
                  }
                },
                "行を更新する": {
                  "runAfter": {
                    "変数の設定": [
                      "Succeeded"
                    ]
                  },
                  "metadata": {
                    "operationMetadataId": "355e06f1-2e9e-4cea-b7f8-498bc0ce1514"
                  },
                  "type": "OpenApiConnection",
                  "inputs": {
                    "host": {
                      "connectionName": "shared_commondataserviceforapps",
                      "operationId": "UpdateRecord",
                      "apiId": "/providers/Microsoft.PowerApps/apis/shared_commondataserviceforapps"
                    },
                    "parameters": {
                      "entityName": "ya_bookmarks",
                      "recordId": "@triggerOutputs()?['body/ya_bookmarkid']",
                      "item/ya_title": "@variables('title')"
                    },
                    "authentication": "@parameters('$authentication')"
                  }
                }
              },
              "runAfter": {
                "HTTP_2": [
                  "Succeeded"
                ]
              },
              "expression": {
                "contains": [
                  "@body('HTTP_2')",
                  "<title>"
                ]
              },
              "metadata": {
                "operationMetadataId": "317c352b-7d0f-44b3-a6d5-2517a4060959"
              },
              "type": "If"
            },
            "HTTP": {
              "runAfter": {
                "条件": [
                  "Succeeded"
                ]
              },
              "metadata": {
                "operationMetadataId": "d3a7f7aa-c891-450c-b58b-b031a9f48715"
              },
              "type": "Http",
              "inputs": {
                "method": "GET",
                "uri": "@variables('endpointUri')"
              }
            },
            "ファイルまたは画像をアップロードする": {
              "runAfter": {
                "HTTP": [
                  "Succeeded"
                ]
              },
              "metadata": {
                "operationMetadataId": "9e3cf8df-71c6-42a1-a8ab-84b1071f1af3"
              },
              "type": "OpenApiConnection",
              "inputs": {
                "host": {
                  "connectionName": "shared_commondataserviceforapps",
                  "operationId": "UpdateEntityFileImageFieldContent",
                  "apiId": "/providers/Microsoft.PowerApps/apis/shared_commondataserviceforapps"
                },
                "parameters": {
                  "entityName": "ya_bookmarks",
                  "recordId": "@triggerOutputs()?['body/ya_bookmarkid']",
                  "fileImageFieldName": "ya_thumbnail",
                  "item": "@base64ToBinary(outputs('HTTP')?['body/$content'])",
                  "x-ms-file-name": "thumnail.png"
                },
                "authentication": "@parameters('$authentication')"
              }
            }
          },
          "runAfter": {
            "変数endpointUriを初期化する": [
              "Succeeded"
            ]
          },
          "else": {
            "actions": {
              "行を更新する_2": {
                "runAfter": {},
                "metadata": {
                  "operationMetadataId": "adb57383-e85e-4489-b0dc-2485f967a017"
                },
                "type": "OpenApiConnection",
                "inputs": {
                  "host": {
                    "connectionName": "shared_commondataserviceforapps",
                    "operationId": "UpdateRecord",
                    "apiId": "/providers/Microsoft.PowerApps/apis/shared_commondataserviceforapps"
                  },
                  "parameters": {
                    "entityName": "ya_bookmarks",
                    "recordId": "@triggerOutputs()?['body/ya_bookmarkid']",
                    "item/ya_title": "@variables('uri')"
                  },
                  "authentication": "@parameters('$authentication')"
                }
              }
            }
          },
          "expression": {
            "equals": [
              "@triggerOutputs()?['body/ya_isfolder']",
              false
            ]
          },
          "metadata": {
            "operationMetadataId": "31f782b8-14de-41ba-8d01-a671f3c7fa88"
          },
          "type": "If"
        },
        "変数uriを初期化する": {
          "runAfter": {},
          "metadata": {
            "operationMetadataId": "2db7134b-68bd-46c7-9454-a08e2beb3f84"
          },
          "type": "InitializeVariable",
          "inputs": {
            "variables": [
              {
                "name": "uri",
                "type": "string",
                "value": "@triggerOutputs()?['body/ya_uri']"
              }
            ]
          }
        },
        "変数titleを初期化する": {
          "runAfter": {
            "変数uriを初期化する": [
              "Succeeded"
            ]
          },
          "metadata": {
            "operationMetadataId": "2b84ba28-0bbc-4a66-ac04-61a61ef93e89"
          },
          "type": "InitializeVariable",
          "inputs": {
            "variables": [
              {
                "name": "title",
                "type": "string"
              }
            ]
          }
        },
        "変数endpointUriを初期化する": {
          "runAfter": {
            "変数titleを初期化する": [
              "Succeeded"
            ]
          },
          "metadata": {
            "operationMetadataId": "edf9c3c9-7ea7-41ee-bcf6-0f3fcb80c8cd"
          },
          "type": "InitializeVariable",
          "inputs": {
            "variables": [
              {
                "name": "endpointUri",
                "type": "string",
                "value": "https://image.thum.io/get/png/@{variables('uri')}"
              }
            ]
          }
        }
      },
      "outputs": {}
    }
  },
  "schemaVersion": "1.0.0.0"
}